priority,jobs_that_need_it,trade,part,spec,lookup_link,"aisle (or ""counter"")",bay,price,in_stock (y/n),notes
yes,4,auto,Air Filter Engine,Fram/K&N (specify vehicle),https://www.autozone.com/searchresult?searchText=Air+Filter+Engine,,,,,
yes,2,auto,Battery Terminal Cleaner Brush,Post and clamp brush,https://www.autozone.com/searchresult?searchText=Battery+Terminal+Cleaner+Brush,,,,,
yes,2,auto,Battery Terminal Protector Spray,"Anti-corrosion, 6 oz.",https://www.autozone.com/searchresult?searchText=Battery+Terminal+Protector+Spray,,,,,
yes,2,auto,Car Battery Group 24,500 CCA 12V (EverStart),https://www.autozone.com/searchresult?searchText=Car+Battery+Group+24,,,,,
yes,2,auto,Engine Thermostat,195F with gasket,https://www.autozone.com/searchresult?searchText=Engine+Thermostat,,,,,
yes,2,auto,Washer Fluid De-Icer,1 Gal. -20F,https://www.autozone.com/searchresult?searchText=Washer+Fluid+De-Icer,,,,,
yes,1,auto,Alternator Remanufactured,Check fitment by vehicle,https://www.autozone.com/searchresult?searchText=Alternator+Remanufactured,,,,,
yes,1,auto,Ceramic Brake Pads Front,Per Axle Set (specify vehicle),https://www.autozone.com/searchresult?searchText=Ceramic+Brake+Pads+Front,,,,,
yes,1,auto,Ceramic Brake Pads Rear,Per Axle Set (specify vehicle),https://www.autozone.com/searchresult?searchText=Ceramic+Brake+Pads+Rear,,,,,
yes,1,auto,Copper Spark Plug,NGK/Champion (per plug),https://www.autozone.com/searchresult?searchText=Copper+Spark+Plug,,,,,
yes,1,auto,Engine Coolant / Antifreeze,1 Gal. 50/50 prediluted,https://www.autozone.com/searchresult?searchText=Engine+Coolant+%2F+Antifreeze,,,,,
yes,1,auto,Engine Coolant 50/50,1 Gallon Pre-Mix,https://www.autozone.com/searchresult?searchText=Engine+Coolant+50%2F50,,,,,
yes,1,auto,Full Synthetic Motor Oil 5W-20,5 Qt. SN/GF-5,https://www.autozone.com/searchresult?searchText=Full+Synthetic+Motor+Oil+5W-20,,,,,
yes,1,auto,Full Synthetic Motor Oil 5W-30,5 Qt. SN/GF-5,https://www.autozone.com/searchresult?searchText=Full+Synthetic+Motor+Oil+5W-30,,,,,
yes,1,auto,Headlight Bulb 9005,"Halogen high beam, 2-pack",https://www.autozone.com/searchresult?searchText=Headlight+Bulb+9005,,,,,
,1,auto,Headlight Bulb H11,"Halogen, 55W, 2-pack",https://www.autozone.com/searchresult?searchText=Headlight+Bulb+H11,,,,,
,1,auto,Iridium Spark Plug,"NGK/Denso (per plug, specify engine)",https://www.autozone.com/searchresult?searchText=Iridium+Spark+Plug,,,,,
,1,auto,Oil Filter,Motorcraft/K&N (specify vehicle),https://www.autozone.com/searchresult?searchText=Oil+Filter,,,,,
,1,auto,Serpentine Belt,Dayco/Gates (specify vehicle),https://www.autozone.com/searchresult?searchText=Serpentine+Belt,,,,,
,1,auto,Tire Plug Repair Kit,35-piece with T-handle,https://www.autozone.com/searchresult?searchText=Tire+Plug+Repair+Kit,,,,,
,1,auto,Tire Valve Stem Kit,"TR413 rubber, 4-pack",https://www.autozone.com/searchresult?searchText=Tire+Valve+Stem+Kit,,,,,
,1,auto,Windshield Wiper Blade 18 in.,"Beam-style, passenger side",https://www.autozone.com/searchresult?searchText=Windshield+Wiper+Blade+18+in.,,,,,
,1,auto,Windshield Wiper Blade 22 in.,"Beam-style, all-season",https://www.autozone.com/searchresult?searchText=Windshield+Wiper+Blade+22+in.,,,,,
,,auto,Anti-Seize Compound,4 oz.,https://www.autozone.com/searchresult?searchText=Anti-Seize+Compound,,,,,
,,auto,Brake Cleaner,14 oz. Aerosol Non-Chlorinated,https://www.autozone.com/searchresult?searchText=Brake+Cleaner,,,,,
,,auto,Brake Fluid DOT 3,12 oz.,https://www.autozone.com/searchresult?searchText=Brake+Fluid+DOT+3,,,,,
,,auto,Brake Rotor Front,Each (specify vehicle),https://www.autozone.com/searchresult?searchText=Brake+Rotor+Front,,,,,
,,auto,Brake Rotor Rear,Each (specify vehicle),https://www.autozone.com/searchresult?searchText=Brake+Rotor+Rear,,,,,
,,auto,Dielectric Grease,3 oz.,https://www.autozone.com/searchresult?searchText=Dielectric+Grease,,,,,
,,auto,Power Steering Fluid,12 oz.,https://www.autozone.com/searchresult?searchText=Power+Steering+Fluid,,,,,
,,auto,Radiator Cap,16 PSI standard,https://www.autozone.com/searchresult?searchText=Radiator+Cap,,,,,
,,auto,Tail Light Bulb 3157,"Dual filament, 2-pack",https://www.autozone.com/searchresult?searchText=Tail+Light+Bulb+3157,,,,,
,,auto,Threadlocker Blue,Loctite 0.2 oz.,https://www.autozone.com/searchresult?searchText=Threadlocker+Blue,,,,,
,,auto,Throttle Body Cleaner,12 oz. Aerosol,https://www.autozone.com/searchresult?searchText=Throttle+Body+Cleaner,,,,,
,,auto,Tire Pressure Gauge Digital,0-100 PSI backlit,https://www.autozone.com/searchresult?searchText=Tire+Pressure+Gauge+Digital,,,,,
,,auto,Tire Sealant & Inflator,16 oz. with hose,https://www.autozone.com/searchresult?searchText=Tire+Sealant+%26+Inflator,,,,,
