priority,jobs_that_need_it,trade,part,spec,lookup_link,aisle,bay,price,in_stock (y/n),notes
yes,6,appliance,Dishwasher Drain Hose,"5/8 in. corrugated, 8 ft",https://www.lowes.com/search?searchTerm=Dishwasher+Drain+Hose,,,,,
yes,4,appliance,Washer Drain Pump,"Universal replacement, 120V",https://www.lowes.com/search?searchTerm=Washer+Drain+Pump,,,,,
yes,4,carpentry,Deck Screws 3 in. 5 lb.,"Exterior coated, star drive",https://www.lowes.com/search?searchTerm=Deck+Screws+3+in.+5+lb.,,,,,
yes,4,hvac,Air Filter MERV 8,16 in. x 25 in. x 1 in.,https://www.lowes.com/search?searchTerm=Air+Filter+MERV+8,,,,,
yes,4,hvac,Air Filter MERV 8,20 in. x 25 in. x 1 in.,https://www.lowes.com/search?searchTerm=Air+Filter+MERV+8,,,,,
yes,4,hvac,Air Filter MERV 8,16 in. x 20 in. x 1 in.,https://www.lowes.com/search?searchTerm=Air+Filter+MERV+8,,,,,
yes,3,appliance,Defrost Thermostat,"Bimetal, -6F open",https://www.lowes.com/search?searchTerm=Defrost+Thermostat,,,,,
yes,3,appliance,Dishwasher Door Gasket,Universal trim-to-fit seal,https://www.lowes.com/search?searchTerm=Dishwasher+Door+Gasket,,,,,
yes,3,carpentry,Drywall Screws Coarse,#6 x 1-5/8 in. Coarse (1 lb),https://www.lowes.com/search?searchTerm=Drywall+Screws+Coarse,,,,,
yes,3,carpentry,Drywall Screws Fine,#6 x 1-5/8 in. Fine Thread (1 lb),https://www.lowes.com/search?searchTerm=Drywall+Screws+Fine,,,,,
yes,3,plumbing,ABS P-Trap,1-1/2 in.,https://www.lowes.com/search?searchTerm=ABS+P-Trap,,,,,
yes,3,plumbing,Chrome P-Trap,1-1/2 in.,https://www.lowes.com/search?searchTerm=Chrome+P-Trap,,,,,
yes,3,plumbing,Drain Snake Auger,25 ft. x 3/8 in.,https://www.lowes.com/search?searchTerm=Drain+Snake+Auger,,,,,
yes,3,plumbing,PVC P-Trap,1-1/2 in.,https://www.lowes.com/search?searchTerm=PVC+P-Trap,,,,,
yes,3,plumbing,PVC P-Trap,2 in.,https://www.lowes.com/search?searchTerm=PVC+P-Trap,,,,,
yes,2,appliance,Dishwasher Supply Line,3/8 in. compression x 6 ft braided,https://www.lowes.com/search?searchTerm=Dishwasher+Supply+Line,,,,,
yes,2,appliance,Dryer Lint Trap Brush,Flexible 24 in. vent brush,https://www.lowes.com/search?searchTerm=Dryer+Lint+Trap+Brush,,,,,
yes,2,appliance,Dryer Vent Hose Kit,"4 in. semi-rigid, 8 ft with clamps",https://www.lowes.com/search?searchTerm=Dryer+Vent+Hose+Kit,,,,,
yes,2,appliance,Refrigerator Door Gasket,"Magnetic seal, trim-to-fit",https://www.lowes.com/search?searchTerm=Refrigerator+Door+Gasket,,,,,
yes,2,appliance,Refrigerator Water Inlet Valve,"Dual coil, 1/4 in. compression",https://www.lowes.com/search?searchTerm=Refrigerator+Water+Inlet+Valve,,,,,
yes,2,general,Drywall Anchor Plastic,Ribbed 1/8 in. (50-pack),https://www.lowes.com/search?searchTerm=Drywall+Anchor+Plastic,,,,,
yes,2,hvac,Capacitor Round Dual Run,35+5 MFD 370/440V,https://www.lowes.com/search?searchTerm=Capacitor+Round+Dual+Run,,,,,
yes,2,hvac,Condensate Drain Line PVC,3/4 in. x 10 ft.,https://www.lowes.com/search?searchTerm=Condensate+Drain+Line+PVC,,,,,
yes,2,hvac,Condensate Drain Line Tablets,"Pan tablets, 30 ct.",https://www.lowes.com/search?searchTerm=Condensate+Drain+Line+Tablets,,,,,
yes,2,hvac,Furnace Flame Sensor,"Universal rod, stainless",https://www.lowes.com/search?searchTerm=Furnace+Flame+Sensor,,,,,
yes,2,hvac,Programmable Thermostat,7-Day Digital,https://www.lowes.com/search?searchTerm=Programmable+Thermostat,,,,,
yes,2,hvac,Smart Wi-Fi Thermostat,Works with Alexa/Google,https://www.lowes.com/search?searchTerm=Smart+Wi-Fi+Thermostat,,,,,
yes,2,hvac,Thermostat Wire,18/5 Low-Voltage 25 ft.,https://www.lowes.com/search?searchTerm=Thermostat+Wire,,,,,
yes,2,plumbing,Faucet Washer & O-Ring Kit,Assorted rubber washers,https://www.lowes.com/search?searchTerm=Faucet+Washer+%26+O-Ring+Kit,,,,,
yes,1,appliance,Appliance Leveling Feet,"Adjustable, set of 4",https://www.lowes.com/search?searchTerm=Appliance+Leveling+Feet,,,,,
yes,1,appliance,Braided Ice Maker Line,"1/4 in. compression, 10 ft stainless",https://www.lowes.com/search?searchTerm=Braided+Ice+Maker+Line,,,,,
yes,1,appliance,Condenser Coil Brush,Long flexible bristle,https://www.lowes.com/search?searchTerm=Condenser+Coil+Brush,,,,,
yes,1,appliance,Dishwasher Install Kit,"Elbow fitting, clamps, wire nuts",https://www.lowes.com/search?searchTerm=Dishwasher+Install+Kit,,,,,
yes,1,appliance,Dryer Heating Element,"Coil element, 5300W 240V",https://www.lowes.com/search?searchTerm=Dryer+Heating+Element,,,,,
yes,1,appliance,Ice Maker Assembly,"Modular, replaces most top-mount units",https://www.lowes.com/search?searchTerm=Ice+Maker+Assembly,,,,,
yes,1,appliance,Oven Bake Element,"240V 3000W, universal 4-prong",https://www.lowes.com/search?searchTerm=Oven+Bake+Element,,,,,
yes,1,appliance,Refrigerator Water Filter,Fits most side-by-side models,https://www.lowes.com/search?searchTerm=Refrigerator+Water+Filter,,,,,
yes,1,carpentry,2x4 Precut Stud,2 in. x 4 in. x 92-5/8 in. SPF,https://www.lowes.com/search?searchTerm=2x4+Precut+Stud,,,,,
yes,1,carpentry,2x4 Stud Lumber,2 in. x 4 in. x 8 ft SPF,https://www.lowes.com/search?searchTerm=2x4+Stud+Lumber,,,,,
yes,1,carpentry,Cabinet Hinge Soft-Close,"35mm European, pair",https://www.lowes.com/search?searchTerm=Cabinet+Hinge+Soft-Close,,,,,
,1,carpentry,Deck Board Pressure-Treated,5/4 in. x 6 in. x 12 ft.,https://www.lowes.com/search?searchTerm=Deck+Board+Pressure-Treated,,,,,
,1,carpentry,Drywall 1/2 in.,4 ft. x 8 ft. Sheet,https://www.lowes.com/search?searchTerm=Drywall+1%2F2+in.,,,,,
,1,carpentry,Drywall 5/8 in. Type X,4 ft. x 8 ft. Fire-Rated Sheet,https://www.lowes.com/search?searchTerm=Drywall+5%2F8+in.+Type+X,,,,,
,1,carpentry,Drywall Corner Bead Metal,1-1/4 in. x 8 ft.,https://www.lowes.com/search?searchTerm=Drywall+Corner+Bead+Metal,,,,,
,1,carpentry,Drywall Sanding Sponge,4-Way 120/220 Grit,https://www.lowes.com/search?searchTerm=Drywall+Sanding+Sponge,,,,,
,1,carpentry,Finish Nails 2 in.,"16-gauge, 1000 ct.",https://www.lowes.com/search?searchTerm=Finish+Nails+2+in.,,,,,
,1,carpentry,Joint Compound All-Purpose,1 Gallon Ready-Mix,https://www.lowes.com/search?searchTerm=Joint+Compound+All-Purpose,,,,,
,1,carpentry,Joint Compound All-Purpose,5 Gallon Ready-Mix,https://www.lowes.com/search?searchTerm=Joint+Compound+All-Purpose,,,,,
,1,carpentry,Paper Drywall Tape,2-1/16 in. x 250 ft.,https://www.lowes.com/search?searchTerm=Paper+Drywall+Tape,,,,,
,1,carpentry,Strike Plate & Latch Set,"Brass, adjustable",https://www.lowes.com/search?searchTerm=Strike+Plate+%26+Latch+Set,,,,,
,1,general,Sandpaper Assortment,9 in. x 11 in. 40/80/120/220 Grit (20-pk),https://www.lowes.com/search?searchTerm=Sandpaper+Assortment,,,,,
,1,general,Silicone Caulk Clear,10.1 oz. 100% GE Silicone,https://www.lowes.com/search?searchTerm=Silicone+Caulk+Clear,,,,,
,1,general,Silicone Caulk White,10.1 oz. 100% GE Silicone,https://www.lowes.com/search?searchTerm=Silicone+Caulk+White,,,,,
,1,general,Toggle Bolt,1/4 in. x 3 in. (10-pack),https://www.lowes.com/search?searchTerm=Toggle+Bolt,,,,,
,1,hvac,AC Coil Cleaner Foam,19 oz. no-rinse evaporator,https://www.lowes.com/search?searchTerm=AC+Coil+Cleaner+Foam,,,,,
,1,hvac,Duct Insulation Wrap,R-6 2 in. x 48 in. x 15 ft.,https://www.lowes.com/search?searchTerm=Duct+Insulation+Wrap,,,,,
,1,hvac,Flex Duct,6 in. x 25 ft. R-6 Insulated,https://www.lowes.com/search?searchTerm=Flex+Duct,,,,,
,1,hvac,Flex Duct,8 in. x 25 ft. R-6 Insulated,https://www.lowes.com/search?searchTerm=Flex+Duct,,,,,
,1,hvac,Furnace Igniter Universal,"Hot surface igniter, 80V",https://www.lowes.com/search?searchTerm=Furnace+Igniter+Universal,,,,,
,1,hvac,Mastic Duct Sealant,1 Gallon Gray,https://www.lowes.com/search?searchTerm=Mastic+Duct+Sealant,,,,,
,1,hvac,Refrigerant R-410A Charging Kit,With gauge and hose,https://www.lowes.com/search?searchTerm=Refrigerant+R-410A+Charging+Kit,,,,,
,1,hvac,Thermocouple 24 in.,Universal gas furnace/water heater,https://www.lowes.com/search?searchTerm=Thermocouple+24+in.,,,,,
,1,plumbing,Braided Supply Line,3/8 in. x 12 in.,https://www.lowes.com/search?searchTerm=Braided+Supply+Line,,,,,
,1,plumbing,Braided Supply Line,3/8 in. x 20 in.,https://www.lowes.com/search?searchTerm=Braided+Supply+Line,,,,,
,1,plumbing,Copper Pipe Type M,1/2 in. x 10 ft,https://www.lowes.com/search?searchTerm=Copper+Pipe+Type+M,,,,,
,1,plumbing,Disposal Wrench / Jam Buster,1/4 in. hex allen wrench,https://www.lowes.com/search?searchTerm=Disposal+Wrench+%2F+Jam+Buster,,,,,
,1,plumbing,Faucet Aerator,Standard 15/16 in. male thread,https://www.lowes.com/search?searchTerm=Faucet+Aerator,,,,,
,1,plumbing,Faucet Cartridge Universal,Fits most single-handle faucets,https://www.lowes.com/search?searchTerm=Faucet+Cartridge+Universal,,,,,
,1,plumbing,PVC Coupling,1-1/2 in.,https://www.lowes.com/search?searchTerm=PVC+Coupling,,,,,
,1,plumbing,PVC Pipe,1-1/2 in. x 10 ft Schedule 40,https://www.lowes.com/search?searchTerm=PVC+Pipe,,,,,
,1,plumbing,Pipe Thread Sealant (Pipe Dope),4 oz.,https://www.lowes.com/search?searchTerm=Pipe+Thread+Sealant+%28Pipe+Dope%29,,,,,
,1,plumbing,SharkBite Push-to-Connect Coupling,1/2 in.,https://www.lowes.com/search?searchTerm=SharkBite+Push-to-Connect+Coupling,,,,,
,1,plumbing,Sump Pump 1/3 HP Submersible,"Cast iron, 3000 GPH",https://www.lowes.com/search?searchTerm=Sump+Pump+1%2F3+HP+Submersible,,,,,
,1,plumbing,Sump Pump Check Valve,"1-1/2 in. PVC, quiet close",https://www.lowes.com/search?searchTerm=Sump+Pump+Check+Valve,,,,,
,1,plumbing,Sump Pump Float Switch,"Vertical tethered, 10 A",https://www.lowes.com/search?searchTerm=Sump+Pump+Float+Switch,,,,,
,1,plumbing,Toilet Fill Valve,Universal Fit,https://www.lowes.com/search?searchTerm=Toilet+Fill+Valve,,,,,
,1,plumbing,Toilet Flapper,Universal 2 in.,https://www.lowes.com/search?searchTerm=Toilet+Flapper,,,,,
,1,plumbing,Toilet Wax Ring with Bolts,Standard 3 in./4 in. Horn,https://www.lowes.com/search?searchTerm=Toilet+Wax+Ring+with+Bolts,,,,,
,1,plumbing,Water Heater Supply Line,3/4 in. x 18 in. Braided,https://www.lowes.com/search?searchTerm=Water+Heater+Supply+Line,,,,,
,,appliance,Appliance Dolly Strap,"Ratcheting, 12 ft",https://www.lowes.com/search?searchTerm=Appliance+Dolly+Strap,,,,,
,,appliance,Appliance Surge Protector,"Single outlet, 2400 joules",https://www.lowes.com/search?searchTerm=Appliance+Surge+Protector,,,,,
,,appliance,Dryer Thermal Fuse,"Universal, one-time",https://www.lowes.com/search?searchTerm=Dryer+Thermal+Fuse,,,,,
,,appliance,Fridge Water Line Kit,"1/4 in. poly tubing, 25 ft with fittings",https://www.lowes.com/search?searchTerm=Fridge+Water+Line+Kit,,,,,
,,appliance,Range Drip Pans Set,"Chrome, fits most coil ranges, 4-pack",https://www.lowes.com/search?searchTerm=Range+Drip+Pans+Set,,,,,
,,appliance,Refrigerator Start Relay,3-in-1 overload relay,https://www.lowes.com/search?searchTerm=Refrigerator+Start+Relay,,,,,
,,appliance,Washing Machine Hose Pair,"Stainless braided, 6 ft, hot + cold",https://www.lowes.com/search?searchTerm=Washing+Machine+Hose+Pair,,,,,
,,carpentry,2x6 Lumber,2 in. x 6 in. x 8 ft SPF,https://www.lowes.com/search?searchTerm=2x6+Lumber,,,,,
,,carpentry,Baseboard MDF 5-1/4 in.,"Primed, 16 ft.",https://www.lowes.com/search?searchTerm=Baseboard+MDF+5-1%2F4+in.,,,,,
,,carpentry,Cabinet Drawer Slide 18 in.,"Full extension, 100 lb.",https://www.lowes.com/search?searchTerm=Cabinet+Drawer+Slide+18+in.,,,,,
,,carpentry,Cement Board 1/2 in.,3 ft. x 5 ft. Sheet,https://www.lowes.com/search?searchTerm=Cement+Board+1%2F2+in.,,,,,
,,carpentry,Construction Adhesive,10 oz. Liquid Nails Heavy Duty,https://www.lowes.com/search?searchTerm=Construction+Adhesive,,,,,
,,carpentry,Door Shim Pack,"Wood shims, 42 ct.",https://www.lowes.com/search?searchTerm=Door+Shim+Pack,,,,,
,,carpentry,Door Sweep Aluminum,36 in. adjustable,https://www.lowes.com/search?searchTerm=Door+Sweep+Aluminum,,,,,
,,carpentry,Fiberglass Batt Insulation,R-13 23 in. x 39.2 ft. (40.06 sqft),https://www.lowes.com/search?searchTerm=Fiberglass+Batt+Insulation,,,,,
,,carpentry,Fiberglass Mesh Tape,2 in. x 150 ft. Self-Adhesive,https://www.lowes.com/search?searchTerm=Fiberglass+Mesh+Tape,,,,,
,,carpentry,Framing Nails 16d Sinker,3-1/4 in. x .131 in. (1 lb),https://www.lowes.com/search?searchTerm=Framing+Nails+16d+Sinker,,,,,
,,carpentry,Interior Door Hinge 3.5 in.,"Satin nickel, square corner",https://www.lowes.com/search?searchTerm=Interior+Door+Hinge+3.5+in.,,,,,
,,carpentry,Joist Hanger 2x8 Galvanized,Simpson Strong-Tie,https://www.lowes.com/search?searchTerm=Joist+Hanger+2x8+Galvanized,,,,,
,,carpentry,Metal Stud 25 Gauge,3-5/8 in. x 8 ft.,https://www.lowes.com/search?searchTerm=Metal+Stud+25+Gauge,,,,,
,,carpentry,Metal Track 25 Gauge,3-5/8 in. x 10 ft.,https://www.lowes.com/search?searchTerm=Metal+Track+25+Gauge,,,,,
,,carpentry,OSB Sheathing,7/16 in. x 4 ft. x 8 ft.,https://www.lowes.com/search?searchTerm=OSB+Sheathing,,,,,
,,carpentry,Plywood Sheathing,1/2 in. x 4 ft. x 8 ft.,https://www.lowes.com/search?searchTerm=Plywood+Sheathing,,,,,
,,carpentry,Utility Knife,Retractable Blade,https://www.lowes.com/search?searchTerm=Utility+Knife,,,,,
,,carpentry,Vinyl Corner Bead,1-1/4 in. x 8 ft.,https://www.lowes.com/search?searchTerm=Vinyl+Corner+Bead,,,,,
,,general,Carriage Bolt,3/8 in. x 3 in. with Nut (10-pack),https://www.lowes.com/search?searchTerm=Carriage+Bolt,,,,,
,,general,Construction Adhesive PL Premium,10.1 oz. Tan,https://www.lowes.com/search?searchTerm=Construction+Adhesive+PL+Premium,,,,,
,,general,Drill Bit Set,21-Piece Titanium General Purpose,https://www.lowes.com/search?searchTerm=Drill+Bit+Set,,,,,
,,general,Lag Screw Hex,5/16 in. x 3 in. (25-pack),https://www.lowes.com/search?searchTerm=Lag+Screw+Hex,,,,,
,,general,Measuring Tape,25 ft. x 1 in. (Stanley FatMax),https://www.lowes.com/search?searchTerm=Measuring+Tape,,,,,
,,general,N95 Respirator Mask,(5-pack),https://www.lowes.com/search?searchTerm=N95+Respirator+Mask,,,,,
,,general,Nitrile Gloves,Medium (10-pack),https://www.lowes.com/search?searchTerm=Nitrile+Gloves,,,,,
,,general,Safety Glasses Clear,ANSI Z87.1+,https://www.lowes.com/search?searchTerm=Safety+Glasses+Clear,,,,,
,,general,Stud Finder,Electronic Edge-Finding,https://www.lowes.com/search?searchTerm=Stud+Finder,,,,,
,,general,Torpedo Level,9 in. Magnetic,https://www.lowes.com/search?searchTerm=Torpedo+Level,,,,,
,,general,Wood Screw #8 x 1-5/8 in.,Coarse Thread (100-pack),https://www.lowes.com/search?searchTerm=Wood+Screw+%238+x+1-5%2F8+in.,,,,,
,,general,Wood Screw #8 x 2-1/2 in.,Coarse Thread (100-pack),https://www.lowes.com/search?searchTerm=Wood+Screw+%238+x+2-1%2F2+in.,,,,,
,,general,Wood Screw #8 x 3 in.,Coarse Thread (50-pack),https://www.lowes.com/search?searchTerm=Wood+Screw+%238+x+3+in.,,,,,
,,general,Zip Ties,8 in. Natural (100-pack),https://www.lowes.com/search?searchTerm=Zip+Ties,,,,,
,,hvac,HVAC Foil Tape,2.5 in. x 55 yd.,https://www.lowes.com/search?searchTerm=HVAC+Foil+Tape,,,,,
,,hvac,Return Air Grille,16 in. x 25 in. White,https://www.lowes.com/search?searchTerm=Return+Air+Grille,,,,,
,,hvac,Round Ceiling Diffuser,6 in. White,https://www.lowes.com/search?searchTerm=Round+Ceiling+Diffuser,,,,,
,,hvac,Round Ceiling Diffuser,8 in. White,https://www.lowes.com/search?searchTerm=Round+Ceiling+Diffuser,,,,,
,,plumbing,Compression Angle Stop Valve,1/2 in. x 3/8 in.,https://www.lowes.com/search?searchTerm=Compression+Angle+Stop+Valve,,,,,
,,plumbing,Disposal Mounting Gasket Kit,Sink flange + gasket set,https://www.lowes.com/search?searchTerm=Disposal+Mounting+Gasket+Kit,,,,,
,,plumbing,Disposal Splash Guard,Fits standard 3-1/2 in. sink,https://www.lowes.com/search?searchTerm=Disposal+Splash+Guard,,,,,
,,plumbing,Flux Paste,4 oz.,https://www.lowes.com/search?searchTerm=Flux+Paste,,,,,
,,plumbing,Garbage Disposal 1/2 HP,"Continuous feed, 2600 RPM",https://www.lowes.com/search?searchTerm=Garbage+Disposal+1%2F2+HP,,,,,
,,plumbing,Gas Connector,1/2 in. x 24 in. Corrugated SS,https://www.lowes.com/search?searchTerm=Gas+Connector,,,,,
,,plumbing,Lead-Free Solder,1/8 in. x 1 lb,https://www.lowes.com/search?searchTerm=Lead-Free+Solder,,,,,
,,plumbing,PVC Cement Medium Body,8 oz. Can,https://www.lowes.com/search?searchTerm=PVC+Cement+Medium+Body,,,,,
,,plumbing,PVC Cleanout Plug,3 in.,https://www.lowes.com/search?searchTerm=PVC+Cleanout+Plug,,,,,
,,plumbing,PVC Elbow 90°,1-1/2 in.,https://www.lowes.com/search?searchTerm=PVC+Elbow+90%C2%B0,,,,,
,,plumbing,PVC Primer,8 oz. Can,https://www.lowes.com/search?searchTerm=PVC+Primer,,,,,
,,plumbing,PVC Slip-Joint Extension Tube,1-1/2 in. x 12 in.,https://www.lowes.com/search?searchTerm=PVC+Slip-Joint+Extension+Tube,,,,,
,,plumbing,PVC Tee,1-1/2 in.,https://www.lowes.com/search?searchTerm=PVC+Tee,,,,,
,,plumbing,Plumber's Putty,14 oz.,https://www.lowes.com/search?searchTerm=Plumber%27s+Putty,,,,,
,,plumbing,SharkBite Push-to-Connect Elbow,1/2 in.,https://www.lowes.com/search?searchTerm=SharkBite+Push-to-Connect+Elbow,,,,,
,,plumbing,Sump Discharge Hose Kit,1-1/2 in. x 24 ft flexible,https://www.lowes.com/search?searchTerm=Sump+Discharge+Hose+Kit,,,,,
,,plumbing,Teflon Tape Gas-Rated,1/2 in. x 260 in. Yellow,https://www.lowes.com/search?searchTerm=Teflon+Tape+Gas-Rated,,,,,
,,plumbing,Teflon Thread Seal Tape,1/2 in. x 520 in. White,https://www.lowes.com/search?searchTerm=Teflon+Thread+Seal+Tape,,,,,
